{
  "tag": "LUNAR_MDP_PG",
  "episodes": 5,
  "deterministic": false,
  "mean_return": -92.54202591508931,
  "std_return": 60.84983898305734,
  "min_return": -213.46512195944507,
  "max_return": -51.324514132867186,
  "returns": [
    -213.46512195944507,
    -70.22736100066673,
    -58.97660706177364,
    -51.324514132867186,
    -68.71652542069391
  ]
}