{
  "tag": "LUNAR_MDP_PGTS_m3",
  "episodes": 5,
  "deterministic": false,
  "mean_return": -808.1508970219805,
  "std_return": 52.790988187485006,
  "min_return": -883.8004111729778,
  "max_return": -764.071851251628,
  "returns": [
    -860.5267682679959,
    -883.8004111729778,
    -765.2017547160347,
    -767.1536997012663,
    -764.071851251628
  ]
}