{
  "tag": "LUNAR_MDP_PGTS_m2",
  "episodes": 5,
  "deterministic": false,
  "mean_return": -176.15483152492897,
  "std_return": 119.62464768788945,
  "min_return": -377.697566505842,
  "max_return": -38.7336493863579,
  "returns": [
    -112.41325063021583,
    -38.7336493863579,
    -239.14381762257096,
    -377.697566505842,
    -112.78587347965814
  ]
}