{
  "tag": "LUNAR_MDP_PGTS_m2",
  "episodes": 5,
  "deterministic": false,
  "mean_return": -196.61162687893668,
  "std_return": 134.76960002096075,
  "min_return": -370.68700601712874,
  "max_return": -12.573139866769466,
  "returns": [
    -110.53942093833582,
    -12.573139866769466,
    -330.1336922690699,
    -370.68700601712874,
    -159.12487530337944
  ]
}